"","Longitude","Latitude","PM25","Date"
"352",-85.992647,33.991494000875,14,"07/04/2022"
"719",-86.815,33.5530560008695,15.3,"07/04/2022"
"1034",-87.003611,33.3311110008666,7.8,"07/04/2022"
"1351",-86.549167,33.5452780008694,8.6,"07/04/2022"
"1752",-86.924167,33.4997220008688,10.8,"07/04/2022"
"2113",-86.9425,33.8016670008726,6.5,"07/04/2022"
"2419",-86.796389,33.5652780008696,19.4,"07/04/2022"
"2825",-86.58816,34.68547,10.3,"07/04/2022"
"3190",-88.087761,30.7701810008299,12.8,"07/04/2022"
"3582",-86.263394,32.4128110008542,5.9,"07/04/2022"
"3968",-86.967536,34.5307170008815,8.5,"07/04/2022"
"4322",-84.999653,32.437028,9.6,"07/04/2022"
"4646",-88.277992,32.3626060008535,4.5,"07/04/2022"
"5057",-149.824602,61.2058610007956,2.4,"07/04/2022"
"6005",-134.56723651676,58.3884971242076,30,"07/04/2022"
"6333",-149.031655,61.534163,2.4,"07/04/2022"
"6503",-109.438003185736,35.8804038106536,2.5,"07/04/2022"
"6546",-109.438003185736,35.8804038106536,3.8,"07/04/2022"
"6732",-113.5586,34.2439,0,"07/04/2022"
"7057",-112.14256,33.4837800008686,7,"07/04/2022"
"7381",-111.86536,33.4101800008677,4.8,"07/04/2022"
"7694",-112.06619,33.5603100008696,4.5,"07/04/2022"
"8019",-112.19193,33.5745300008697,3.8,"07/04/2022"
"8348",-112.07526,33.4031400008676,7.5,"07/04/2022"
"8677",-111.93471,33.4112300008677,9,"07/04/2022"
"9000",-112.00264,33.41046,5.8,"07/04/2022"
"9370",-112.11821,33.4265000008679,4.5,"07/04/2022"
"9755",-112.095767,33.503833,8.8,"07/04/2022"
"10080",-111.038389291448,32.3226614191457,5.7,"07/04/2022"
"10456",-110.9823,32.29515,8,"07/04/2022"
"12129",-110.936718,31.337204,5.5,"07/04/2022"
"12446",-114.61444,32.690278,6.2,"07/04/2022"
"12879",-90.1931407655994,35.1972876317392,8.1,"07/04/2022"
"13397",-92.2812958643647,34.7561888042723,12.4,"07/04/2022"
"13730",-92.328697163421,34.6813433627688,15.2,"07/04/2022"
"14139",-94.1168273808054,36.1797000452413,22.1,"07/04/2022"
"14306",-104.93647,39.8281,17.2,"07/04/2022"
"14507",-104.93647,39.8281,3.7,"07/04/2022"
"14704",-105.019526,39.6043990009268,6.1,"07/04/2022"
"14790",-105.100856,40.1645760009301,4.9,"07/04/2022"
"15004",-105.100856,40.1645760009301,3.9,"07/04/2022"
"15208",-105.263382,40.0210970009293,3.1,"07/04/2022"
"15531",-104.987625,39.7511840009277,6,"07/04/2022"
"15658",-104.987625,39.7511840009277,5.9,"07/04/2022"
"15859",-104.987625,39.7511840009277,3.7,"07/04/2022"
"16185",-104.939925,39.7385780009277,5.1,"07/04/2022"
"16387",-105.00518,39.77949,9.7,"07/04/2022"
"16603",-105.00518,39.77949,6.8,"07/04/2022"
"16774",-105.0153,39.73217,14.8,"07/04/2022"
"16971",-105.0153,39.73217,4.3,"07/04/2022"
"17293",-104.9886,39.7861,4,"07/04/2022"
"17497",-105.070358,39.5344880009264,3.3,"07/04/2022"
"17712",-105.070358,39.5344880009264,3.1,"07/04/2022"
"18036",-104.828564,38.8480140009219,2.3,"07/04/2022"
"18181",-106.385,40.5506,5.5,"07/04/2022"
"18389",-107.62863,37.13678,2.9,"07/04/2022"
"18717",-107.870219,37.10258,3.1,"07/04/2022"
"19046",-105.079693,40.5712880009321,2.4,"07/04/2022"
"19374",-108.561173,39.0637980009234,2.7,"07/04/2022"
"19577",-104.597613,38.2760990009177,5.5,"07/04/2022"
"19794",-108.761389,40.0869440009297,7.9,"07/04/2022"
"20118",-104.70693,40.4148770009314,5.2,"07/04/2022"
"20309",-104.82405,40.2093870009303,7.9,"07/04/2022"
"20501",-121.784217,37.687526,4.5,"07/04/2022"
"20830",-122.169935,37.743065,25.3,"07/04/2022"
"21159",-122.282347,37.814781,2.8,"07/04/2022"
"21487",-122.263376,37.793624,4.2,"07/04/2022"
"21807",-121.903019,37.7012220009132,5.7,"07/04/2022"
"22124",-121.84047,39.76168,4.6,"07/04/2022"
"22491",-121.59135,39.77919,2.7,"07/04/2022"
"22799",-121.668811,39.327563,1,"07/04/2022"
"23114",-120.680277,38.20185,1.5,"07/04/2022"
"23483",-121.99887,39.18919,1.6,"07/04/2022"
"23796",-122.026154,37.936013,2.2,"07/04/2022"
"24483",-119.77321,36.78538,8,"07/04/2022"
"24667",-119.77321,36.78538,8,"07/04/2022"
"24974",-119.658339349936,36.9851185574381,1.9,"07/04/2022"
"25199",-120.101096,36.198672,6.2,"07/04/2022"
"25524",-120.382331,36.6342250009037,2.8,"07/04/2022"
"25839",-119.7775,36.710833,12.5,"07/04/2022"
"26158",-119.716433,36.819449,5.2,"07/04/2022"
"26478",-119.733,36.72639,16.2,"07/04/2022"
"26792",-122.190834,39.53387,2.2,"07/04/2022"
"26986",-124.17949,40.7767800009332,9.8,"07/04/2022"
"27031",-115.48307,32.67618,9,"07/04/2022"
"27213",-115.48307,32.67618,9,"07/04/2022"
"27387",-115.48307,32.67618,8.7,"07/04/2022"
"27580",-115.53917,32.97833,7,"07/04/2022"
"27905",-116.015997,33.37907778,9.2,"07/04/2022"
"28465",-118.330783,37.360684,4.2,"07/04/2022"
"28878",-117.871036,36.487823,4.8,"07/04/2022"
"29469",-118.417477920338,37.3621369693511,3.7,"07/04/2022"
"29875",-119.015009,35.385574,12.3,"07/04/2022"
"30186",-119.062613,35.356615,43.7,"07/04/2022"
"30255",-119.062613,35.356615,1,"07/04/2022"
"30434",-119.062613,35.356615,49.1,"07/04/2022"
"30634",-118.997627,35.324636,45.5,"07/04/2022"
"31013",-118.162833,35.0465280008873,4.6,"07/04/2022"
"31332",-118.860588,34.841567,2.2,"07/04/2022"
"31658",-119.56565,36.102244,25.6,"07/04/2022"
"31987",-119.643447,36.31567,12.9,"07/04/2022"
"32140",-122.91333,39.0189300009231,0.5,"07/04/2022"
"32399",-117.85036,34.14435,18.3,"07/04/2022"
"32935",-118.22688,34.0665900008759,25.3,"07/04/2022"
"33329",-118.53276,34.19925,13.9,"07/04/2022"
"33838",-118.205,33.9013890008739,41.8,"07/04/2022"
"34911",-118.171019,33.7937130008725,16.3,"07/04/2022"
"35562",-118.5284,34.38344,17.3,"07/04/2022"
"35890",-118.130511,34.6697390008831,7.1,"07/04/2022"
"36211",-120.034203,36.953256,10.2,"07/04/2022"
"36535",-122.520004,37.97231,2.2,"07/04/2022"
"36858",-119.587094,37.748707,2.5,"07/04/2022"
"37181",-120.433671,37.281853,3.6,"07/04/2022"
"37505",-120.480456,37.30832,4.1,"07/04/2022"
"37993",-119.120278,37.962069,3.5,"07/04/2022"
"38315",-121.73333,36.4818700009023,0,"07/04/2022"
"38610",-121.126371,36.2092860008996,3.5,"07/04/2022"
"38957",-121.623271,36.6942610009043,4.7,"07/04/2022"
"39279",-121.055608,39.2334770009245,2.7,"07/04/2022"
"39583",-120.184592,39.3278300009251,6.5,"07/04/2022"
"39886",-120.184592,39.3278300009251,16.5,"07/04/2022"
"40305",-117.93845,33.83062,30.3,"07/04/2022"
"40732",-121.09959,38.93568,1.2,"07/04/2022"
"41039",-120.953831711,39.100174496,3,"07/04/2022"
"41280",-121.26498,38.74643,9,"07/04/2022"
"41594",-120.148833333333,39.1660166666667,2.1,"07/04/2022"
"41829",-121.338353,38.867937000922,1,"07/04/2022"
"42188",-120.944376,39.9395670009288,2.5,"07/04/2022"
"42397",-121.227848,40.3096440009309,5.2,"07/04/2022"
"42504",-120.47069,39.81336,2.2,"07/04/2022"
"42604",-120.47069,39.81336,2.6,"07/04/2022"
"42791",-120.47069,39.81336,3.4,"07/04/2022"
"42849",-120.47069,39.81336,2.6,"07/04/2022"
"43111",-116.85841,33.92086,10.6,"07/04/2022"
"43440",-117.072202,33.5830180008699,11.3,"07/04/2022"
"43975",-116.830074,33.9447129,13.7,"07/04/2022"
"44022",-116.830074,33.9447129,10.2,"07/04/2022"
"44591",-117.41601,33.9995800008751,15.8,"07/04/2022"
"45110",-117.4924,33.996360000875,15.3,"07/04/2022"
"45433",-117.33098,33.67649,5.1,"07/04/2022"
"45745",-121.368014,38.6137790009202,8.1,"07/04/2022"
"45811",-121.368014,38.6137790009202,8.2,"07/04/2022"
"45921",-121.49311,38.56844,5.4,"07/04/2022"
"46101",-121.49311,38.56844,7.2,"07/04/2022"
"46277",-121.49311,38.56844,5.7,"07/04/2022"
"46465",-121.164457,38.683304,7.5,"07/04/2022"
"46779",-121.164457,38.683304,6.7,"07/04/2022"
"47098",-121.503795,38.593322,3.6,"07/04/2022"
"47418",-121.211131,38.494475,2.7,"07/04/2022"
"47739",-121.3621,36.8434250009057,4.7,"07/04/2022"
"48358",-117.61722,34.030833,29,"07/04/2022"
"48684",-117.32554,34.5109611108812,13.6,"07/04/2022"
"49007",-117.32554,34.5109611108812,8,"07/04/2022"
"49335",-117.62914,34.10374,20.3,"07/04/2022"
"49737",-116.86147,34.2646400008783,5.2,"07/04/2022"
"50160",-116.365,32.6509000008575,8.1,"07/04/2022"
"50435",-116.768293,32.8423180008601,5.2,"07/04/2022"
"50705",-117.396177,33.2170550008652,6.1,"07/04/2022"
"50998",-116.92135,32.5781600008565,8.3,"07/04/2022"
"51346",-116.944308,32.7895650008594,10.7,"07/04/2022"
"51958",-122.399044,37.765946,7.8,"07/04/2022"
"52275",-121.281414,37.961578,3.1,"07/04/2022"
"52585",-121.247874,37.793392,2.2,"07/04/2022"
"52910",-121.442495,37.682635,0,"07/04/2022"
"53235",-120.56388,35.02083,5.1,"07/04/2022"
"53559",-120.58777,35.0467300008874,12.9,"07/04/2022"
"53883",-120.644719880058,35.2595015184308,2.7,"07/04/2022"
"54200",-120.66617,35.49453,1.5,"07/04/2022"
"54524",-122.20337,37.482934,-0.5,"07/04/2022"
"54835",-119.691217778642,34.4277749961254,6.9,"07/04/2022"
"55162",-120.4328444444,34.8906666667,6.5,"07/04/2022"
"55483",-120.4575,34.6378200008827,7.9,"07/04/2022"
"55808",-119.8284,34.4455100008805,3.5,"07/04/2022"
"56123",-121.574684,36.999571,8.7,"07/04/2022"
"56479",-121.894898,37.348497,5.5,"07/04/2022"
"56803",-121.849783,37.338135,4.2,"07/04/2022"
"57123",-121.98822,36.983320000907,2.7,"07/04/2022"
"57445",-122.083092,37.0631500009077,1.1,"07/04/2022"
"57577",-122.38092,40.550130000932,3.2,"07/04/2022"
"57757",-122.38092,40.550130000932,3.2,"07/04/2022"
"58331",-122.237976,38.102507,1.9,"07/04/2022"
"58631",-122.237976,38.102507,2.2,"07/04/2022"
"59217",-120.994212,37.642165,9,"07/04/2022"
"59387",-120.994212,37.642165,6.3,"07/04/2022"
"59571",-120.836008,37.488317,8.7,"07/04/2022"
"59895",-121.618548986224,39.1387725442464,11.2,"07/04/2022"
"60725",-118.82915,36.48947,6.5,"07/04/2022"
"61038",-119.3129,36.30815,23.6,"07/04/2022"
"61194",-119.3129,36.30815,22.2,"07/04/2022"
"61378",-119.055018,36.0318310008979,5.9,"07/04/2022"
"61700",-118.870509,34.210169,8.2,"07/04/2022"
"62025",-118.80998,34.404281,11.2,"07/04/2022"
"62349",-119.2313,34.44806,5.4,"07/04/2022"
"62673",-118.683685,34.276316,10.8,"07/04/2022"
"62996",-118.683685,34.276316,10.4,"07/04/2022"
"63235",-119.143182,34.25239,5.5,"07/04/2022"
"63560",-121.7734,38.53445,0,"07/04/2022"
"63732",-121.73269,38.66121,2.9,"07/04/2022"
"63955",-73.194722,41.170833000935,5.6,"07/04/2022"
"64308",-73.443056,41.399167000936,9.2,"07/04/2022"
"64666",-72.679923,41.771444,8.5,"07/04/2022"
"64995",-72.631667,41.7847220009374,10.3,"07/04/2022"
"65380",-73.297257,41.8213420009376,1.2,"07/04/2022"
"65793",-72.902871,41.3014000009356,6.2,"07/04/2022"
"66294",-73.043611,41.550556,8,"07/04/2022"
"66621",-72.07882,41.35362,4.4,"07/04/2022"
"66950",-75.5568,38.986672,6.3,"07/04/2022"
"67416",-75.732,39.5513,8.1,"07/04/2022"
"67714",-75.6036,39.57768,7.1,"07/04/2022"
"68030",-75.558056,39.739444,13.4,"07/04/2022"
"68350",-75.6106,38.6539,7.8,"07/04/2022"
"68666",-76.958072,38.895572,46.3,"07/04/2022"
"68995",-77.013178,38.9218470009224,22.3,"07/04/2022"
"69314",-77.013178,38.9218470009224,17.9,"07/04/2022"
"69631",-76.953426,38.8947700009222,43.6,"07/04/2022"
"69960",-77.012816,38.8751610009221,36.1,"07/04/2022"
"70272",-82.26608,29.5661120008103,4.9,"07/04/2022"
"70759",-82.441111,30.2011110008208,5,"07/04/2022"
"71073",-85.731517,30.1304330008197,6.1,"07/04/2022"
"71402",-80.628611,28.053611,8.5,"07/04/2022"
"71720",-80.33845,26.0735360007455,9.2,"07/04/2022"
"72077",-80.2569444,26.0538889,8.1,"07/04/2022"
"72397",-80.169817,26.132677,11,"07/04/2022"
"72724",-80.0963533689314,26.2910878597443,7.2,"07/04/2022"
"73048",-80.1763888888889,26.2941666666666,10.6,"07/04/2022"
"73663",-81.7109593300421,26.2700825638459,16.4,"07/04/2022"
"74261",-81.635396,30.356339,11.3,"07/04/2022"
"74589",-81.587339,30.477725,10.4,"07/04/2022"
"74915",-81.633980694,30.135797178,7.4,"07/04/2022"
"75319",-81.453611,30.2602780008218,7.9,"07/04/2022"
"75642",-81.606833,30.262778,5.9,"07/04/2022"
"75971",-87.20355,30.525367,11.7,"07/04/2022"
"76242",-82.795356,30.426029,6.3,"07/04/2022"
"76557",-82.419835,27.779712,9.9,"07/04/2022"
"77037",-82.538429412,27.892523006,12.5,"07/04/2022"
"77419",-82.2304,27.9656500007821,8.6,"07/04/2022"
"77740",-85.603889,30.8486110008311,5.3,"07/04/2022"
"78065",-81.8779081610228,26.602015752134,6.9,"07/04/2022"
"78386",-84.346389,30.4397220008247,5.7,"07/04/2022"
"78431",-84.346389,30.4397220008247,5.1,"07/04/2022"
"78621",-84.346389,30.4397220008247,6.3,"07/04/2022"
"78947",-82.100645862,29.170532805,7.9,"07/04/2022"
"79263",-80.240689,27.172458,10,"07/04/2022"
"79625",-80.399722,25.68333,9.8,"07/04/2022"
"79945",-80.2155556,25.794222,8.6,"07/04/2022"
"80323",-80.482778,25.471944,15.3,"07/04/2022"
"80881",-80.666446785,26.724786003,6.5,"07/04/2022"
"81206",-80.219619,26.687606,9.4,"07/04/2022"
"81483",-80.0927778,26.4569444,13.3,"07/04/2022"
"81812",-82.731766912,27.946687816,10.6,"07/04/2022"
"82128",-82.7398753622281,27.7858655503876,12,"07/04/2022"
"82376",-82.7007069013916,28.0902994860128,11.3,"07/04/2022"
"82683",-81.972222,28.028889,8.1,"07/04/2022"
"82996",-87.008033,30.394133000824,10.7,"07/04/2022"
"83322",-82.507222,27.290556,17,"07/04/2022"
"83641",-82.362583,27.089194,5.9,"07/04/2022"
"84193",-81.0525,29.206667,9.6,"07/04/2022"
"84505",-84.161111,30.0925000008191,5.8,"07/04/2022"
"84705",-83.6409957140849,32.7774646615604,7.4,"07/04/2022"
"84793",-83.5434927764767,32.8052638843599,6.4,"07/04/2022"
"84987",-83.5434927764767,32.8052638843599,7.8,"07/04/2022"
"85299",-81.1302223986278,32.0907794615767,7.2,"07/04/2022"
"85612",-83.3443853953649,33.91813699186,8.1,"07/04/2022"
"85906",-83.3443853953649,33.91813699186,8,"07/04/2022"
"86104",-84.390717275216,33.6108449850019,15.8,"07/04/2022"
"86174",-84.6074234375265,34.0154357417377,12.1,"07/04/2022"
"86245",-82.7499709789252,31.5130968576628,4.5,"07/04/2022"
"86314",-84.2905,33.6878000008711,13,"07/04/2022"
"86384",-84.2905,33.6878000008711,13,"07/04/2022"
"86576",-84.2905,33.6878000008711,14.4,"07/04/2022"
"86775",-84.0998,31.5776000008422,6.4,"07/04/2022"
"86799",-84.0998,31.5776000008422,4.7,"07/04/2022"
"86982",-84.0998,31.5776000008422,7.3,"07/04/2022"
"87308",-85.3232,34.2605000008783,7.1,"07/04/2022"
"87509",-84.4356184457623,33.8022405397525,9.5,"07/04/2022"
"87703",-84.3573161635597,33.720742384971,13.6,"07/04/2022"
"87900",-84.3914,33.7784000008724,10.9,"07/04/2022"
"88057",-84.3914,33.7784000008724,10.7,"07/04/2022"
"88221",-81.4950347836971,31.1698048619361,6.8,"07/04/2022"
"88414",-81.4950347836971,31.1698048619361,7.4,"07/04/2022"
"88742",-84.0691,33.9632,8.9,"07/04/2022"
"89060",-83.8134,34.2993000008787,11.2,"07/04/2022"
"89385",-84.1618105696717,33.4339490197359,9.7,"07/04/2022"
"89588",-83.5978,32.6056000008569,6.1,"07/04/2022"
"89782",-83.5978,32.6056000008569,8.1,"07/04/2022"
"89985",-83.2933,30.8486000008311,5.1,"07/04/2022"
"90179",-83.2933,30.8486000008311,6.3,"07/04/2022"
"90379",-84.9446347567188,32.521272004906,11.1,"07/04/2022"
"90569",-84.9446347567188,32.521272004906,10,"07/04/2022"
"90770",-84.9457,32.4274,12.5,"07/04/2022"
"90836",-82.0224,33.433900000868,12.9,"07/04/2022"
"91030",-82.0224,33.433900000868,10.4,"07/04/2022"
"91227",-85.2943,34.9784,20.2,"07/04/2022"
"91416",-85.2943,34.9784,20.5,"07/04/2022"
"91743",-82.8068706036265,32.9673591607715,10.3,"07/04/2022"
"92125",-116.347853,43.600699,17.8,"07/04/2022"
"92448",-116.214562837,43.647666863,19.9,"07/04/2022"
"92775",-112.460347,42.876725,5.1,"07/04/2022"
"93287",-116.571281045,47.316576569,7.1,"07/04/2022"
"93602",-114.3712667,43.6825000009423,3.2,"07/04/2022"
"93926",-115.83949967,43.822910411,9.2,"07/04/2022"
"94245",-115.972386,44.104498,15.5,"07/04/2022"
"94574",-116.556656,48.292141,1.6,"07/04/2022"
"94891",-112.04645,43.464700000942,19.3,"07/04/2022"
"95392",-116.562676,43.58031,40.6,"07/04/2022"
"95593",-111.864167,42.082222,6.3,"07/04/2022"
"95803",-111.864167,42.082222,5,"07/04/2022"
"96132",-116.116254548,45.931274394,3.2,"07/04/2022"
"96438",-116.0275,46.2094,3.5,"07/04/2022"
"96738",-116.827245,47.715385,10.9,"07/04/2022"
"97057",-116.960176895,46.72182012,4.2,"07/04/2022"
"97555",-113.890285,45.1818970009432,4.3,"07/04/2022"
"97879",-116.992533,46.408352,6.7,"07/04/2022"
"98200",-116.8062,46.3972,16.2,"07/04/2022"
"98674",-116.236667,47.536389,10.3,"07/04/2022"
"98985",-114.494717,42.565089,4.8,"07/04/2022"
"99303",-116.1065,44.890197,7.5,"07/04/2022"
"99627",-85.891331718,39.237456874,13.3,"07/04/2022"
"99824",-85.66411754,38.3938222909186,11.7,"07/04/2022"
"99866",-85.66411754,38.3938222909186,11.5,"07/04/2022"
"99936",-85.741336506,38.2881908269178,21.5,"07/04/2022"
"100135",-85.741336506,38.2881908269178,19.3,"07/04/2022"
"100336",-85.387907948,40.1995024089303,16.8,"07/04/2022"
"100412",-86.929668,38.3917990009186,11,"07/04/2022"
"100608",-85.96844591,41.657154959937,24.1,"07/04/2022"
"100786",-86.990419044,38.9854769349229,11.2,"07/04/2022"
"100981",-85.939546219,39.96088418,17.3,"07/04/2022"
"101165",-86.078775372,39.9288040209288,21.9,"07/04/2022"
"101239",-85.523470388,40.0095437619292,11.5,"07/04/2022"
"101437",-86.109688135,40.4813468883317,12.7,"07/04/2022"
"101626",-87.442016638,41.6359519529369,17.3,"07/04/2022"
"101701",-87.304943321,41.6066623240368,17.5,"07/04/2022"
"101889",-87.304943321,41.6066623240368,18.1,"07/04/2022"
"102078",-87.406579074,41.5732824669367,15.2,"07/04/2022"
"102152",-87.34294729,41.5984727179368,18.3,"07/04/2022"
"102200",-87.34294729,41.5984727179368,18.9,"07/04/2022"
"102265",-87.435561426,41.653500828937,18.9,"07/04/2022"
"102468",-87.435561426,41.653500828937,15.6,"07/04/2022"
"102795",-87.495043676,41.5944266019368,14.8,"07/04/2022"
"103118",-87.495043676,41.5944266019368,15.5,"07/04/2022"
"103236",-86.8912156987957,41.7072116056478,14.9,"07/04/2022"
"103438",-85.652184,40.1257028009299,15,"07/04/2022"
"103635",-86.1664643225722,39.7449926753646,22.2,"07/04/2022"
"103711",-86.114444,39.810833000928,24.6,"07/04/2022"
"103912",-86.114444,39.810833000928,24.3,"07/04/2022"
"104115",-86.214628,39.7889030009279,30.8,"07/04/2022"
"104164",-86.214628,39.7889030009279,31.3,"07/04/2022"
"104354",-86.214628,39.7889030009279,33.3,"07/04/2022"
"104559",-86.11541484,39.7588551909278,21.2,"07/04/2022"
"104634",-86.130879593,39.787933053,22.4,"07/04/2022"
"104837",-86.130879593,39.787933053,22.9,"07/04/2022"
"105038",-86.504761719,39.159383056924,11.2,"07/04/2022"
"105237",-86.504761719,39.159383056924,13.8,"07/04/2022"
"105545",-87.199167,41.6175000009369,15,"07/04/2022"
"105740",-86.214722,41.6966604109371,23,"07/04/2022"
"105788",-86.214722,41.6966604109371,23.1,"07/04/2022"
"105979",-86.214722,41.6966604109371,25.3,"07/04/2022"
"106372",-86.8525,40.431639,13.6,"07/04/2022"
"106613",-87.577222,38.0133330009157,22.9,"07/04/2022"
"106804",-87.577222,38.0133330009157,19.9,"07/04/2022"
"107122",-87.401312,39.4859870009261,20.5,"07/04/2022"
"107439",-87.401312,39.4859870009261,23.7,"07/04/2022"
"107549",-85.6292924,41.169645500935,13.6,"07/04/2022"
"107749",-85.6292924,41.169645500935,16.1,"07/04/2022"
"107952",-88.240552608195,40.1238858574616,12.1,"07/04/2022"
"108032",-88.37251,40.05278,10.6,"07/04/2022"
"108232",-88.37251,40.05278,9.3,"07/04/2022"
"108404",-87.7324568962847,41.6709918952829,20.2,"07/04/2022"
"108576",-87.7324568962847,41.6709918952829,20.6,"07/04/2022"
"108772",-87.5393154841479,41.6871654376343,15,"07/04/2022"
"108852",-87.7499280553202,41.9654848301767,9.2,"07/04/2022"
"108900",-87.722673,41.912739,28.3,"07/04/2022"
"109064",-87.722673,41.912739,26.3,"07/04/2022"
"109232",-87.7134881520007,41.7513999786378,22.3,"07/04/2022"
"109408",-87.7134881520007,41.7513999786378,24,"07/04/2022"
"109723",-87.5574060746384,41.5786196210494,14.7,"07/04/2022"
"109928",-87.832349,41.80118,21,"07/04/2022"
"109977",-87.832349,41.80118,17.5,"07/04/2022"
"110045",-87.8762647334973,41.9651934814238,22.5,"07/04/2022"
"110130",-87.8053767946675,41.7827660079251,22.8,"07/04/2022"
"110178",-87.8053767946675,41.7827660079251,22.6,"07/04/2022"
"110367",-87.8632254343829,42.0602846910538,16.1,"07/04/2022"
"110570",-87.7992269168431,42.139996190948,14.3,"07/04/2022"
"110772",-87.7992269168431,42.139996190948,13.6,"07/04/2022"
"110946",-87.7489023825124,41.8644264230095,31.7,"07/04/2022"
"111136",-87.7489023825124,41.8644264230095,32,"07/04/2022"
"111455",-88.1525336515249,41.7710709444974,16.8,"07/04/2022"
"111782",-88.6249434004072,38.0821551646727,12.2,"07/04/2022"
"112111",-90.344494,39.101439,10.5,"07/04/2022"
"112310",-88.2800147147357,42.0504030003903,21,"07/04/2022"
"112390",-88.3293736067334,41.7847165129183,13.4,"07/04/2022"
"112579",-88.2422073399828,42.221441662101,19.2,"07/04/2022"
"112908",-88.9968957084304,40.5187353721062,11.8,"07/04/2022"
"113237",-88.9968957084304,40.5187353721062,10.5,"07/04/2022"
"113541",-88.925594450544,39.866833885022,10.9,"07/04/2022"
"113738",-90.1447626742938,38.7006315001362,15.1,"07/04/2022"
"113816",-90.1463079297551,38.901361539954,10.7,"07/04/2022"
"114198",-90.1396748417377,38.7045342604079,13.7,"07/04/2022"
"114267",-90.1058511128885,38.8606694707698,11.9,"07/04/2022"
"114471",-89.5847372162891,40.6970070002047,16.4,"07/04/2022"
"114779",-89.7884586171723,38.1762776056649,8.5,"07/04/2022"
"115102",-90.5173502630811,41.5147269688183,10.3,"07/04/2022"
"115429",-90.1604766324869,38.6120344810656,15.3,"07/04/2022"
"115744",-89.6441635862288,39.8319208689568,14.9,"07/04/2022"
"116071",-88.1164738092357,41.526885089371,11.9,"07/04/2022"
"116392",-88.190967175228,41.2215370677657,11.2,"07/04/2022"
"116721",-89.08917,42.2670002,14,"07/04/2022"
"116927",-92.316017,42.5015430009398,15.5,"07/04/2022"
"117439",-92.316017,42.5015430009398,15.5,"07/04/2022"
"117750",-90.2119824210274,41.8232826881747,10.5,"07/04/2022"
"118017",-90.2119824210274,41.8232826881747,15.5,"07/04/2022"
"118343",-90.2119824210274,41.8232826881747,13.4,"07/04/2022"
"118545",-90.17757390303,41.8749989322255,10.1,"07/04/2022"
"118740",-91.503478,41.657232000937,9.4,"07/04/2022"
"119013",-91.503478,41.657232000937,8.7,"07/04/2022"
"119335",-91.503478,41.657232000937,8.8,"07/04/2022"
"119524",-91.3910115339692,40.4009586474442,11.5,"07/04/2022"
"119738",-91.68766,41.97677,11.8,"07/04/2022"
"119884",-91.68766,41.97677,11.9,"07/04/2022"
"120088",-91.68766,41.97677,11.1,"07/04/2022"
"120411",-91.68766,41.97677,12,"07/04/2022"
"120613",-95.044951,40.9691120009341,7.7,"07/04/2022"
"120825",-95.044951,40.9691120009341,5.7,"07/04/2022"
"121140",-95.044951,40.9691120009341,7.3,"07/04/2022"
"121453",-91.0679566789336,41.4009679259914,15.2,"07/04/2022"
"121572",-91.0679566789336,41.4009679259914,15.1,"07/04/2022"
"121646",-91.0709752344439,41.4194287908978,11.3,"07/04/2022"
"121857",-91.068449,41.401459,15.8,"07/04/2022"
"122174",-91.068449,41.401459,13.5,"07/04/2022"
"122377",-91.0616,41.406900000936,13.3,"07/04/2022"
"122650",-94.693518,43.1237040009413,10.7,"07/04/2022"
"122974",-94.693518,43.1237040009413,12.8,"07/04/2022"
"123295",-93.643118,41.6031590009368,12.3,"07/04/2022"
"123445",-93.643118,41.6031590009368,13.2,"07/04/2022"
"123641",-93.643118,41.6031590009368,14.4,"07/04/2022"
"123965",-93.643118,41.6031590009368,13.2,"07/04/2022"
"124144",-93.7479,41.6035166709368,10.1,"07/04/2022"
"124244",-95.896124000951,41.2641709943154,19,"07/04/2022"
"124302",-95.896124000951,41.2641709943154,18.9,"07/04/2022"
"124487",-90.5876108140407,41.5300106207475,13.4,"07/04/2022"
"124602",-90.5876108140407,41.5300106207475,12.9,"07/04/2022"
"124796",-90.5876108140407,41.5300106207475,11.8,"07/04/2022"
"125317",-90.624044,41.5120770009364,12.2,"07/04/2022"
"125397",-92.006318,40.695078,9.4,"07/04/2022"
"125608",-92.006318,40.695078,10.6,"07/04/2022"
"126114",-96.3947548868099,42.4998443259973,10.9,"07/04/2022"
"126320",-94.746424,38.838575,9.5,"07/04/2022"
"126647",-95.47594,37.67696,11,"07/04/2022"
"126976",-97.314847,37.702066,12.2,"07/04/2022"
"127305",-95.711275,39.024265,9.5,"07/04/2022"
"127611",-97.366399,37.47689,9.4,"07/04/2022"
"127923",-99.763424,38.770081,8.3,"07/04/2022"
"128301",-94.635605,39.117219,25.8,"07/04/2022"
"128594",-83.73694,36.60843,9.1,"07/04/2022"
"128920",-82.64041,38.45934,16.9,"07/04/2022"
"129122",-84.47445,39.021881,13.4,"07/04/2022"
"129172",-84.47445,39.021881,14,"07/04/2022"
"129363",-84.47445,39.021881,12.5,"07/04/2022"
"129682",-82.9881,38.23887,9.3,"07/04/2022"
"130009",-87.323337,36.91171,8.6,"07/04/2022"
"130337",-87.075307,37.780776,9.8,"07/04/2022"
"130665",-84.49761,38.06503,13.5,"07/04/2022"
"130837",-85.852629,37.705612,11.2,"07/04/2022"
"131028",-85.852629,37.705612,10.7,"07/04/2022"
"131351",-85.89804,38.0609100009161,24.8,"07/04/2022"
"131680",-85.65452,38.2287600009174,12.5,"07/04/2022"
"132007",-85.7119,38.1936,12.9,"07/04/2022"
"132335",-85.574361,38.182435,14.3,"07/04/2022"
"132658",-85.82678,38.2315800009174,17.4,"07/04/2022"
"132977",-88.57251,37.05822,13.3,"07/04/2022"
"133304",-83.20932,37.28329,9.8,"07/04/2022"
"133630",-82.53532,37.4826,8.8,"07/04/2022"
"133958",-84.61152,37.09798,9.1,"07/04/2022"
"134282",-86.21487,37.04926,6.9,"07/04/2022"
"134605",-86.21487,37.04926,7.3,"07/04/2022"
"134808",-93.747041,32.535293,14.8,"07/04/2022"
"135193",-93.2850842698347,30.2626041187534,8.2,"07/04/2022"
"135765",-91.179219,30.461981,6.6,"07/04/2022"
"136154",-90.2728258440869,30.0412377293313,10.7,"07/04/2022"
"136479",-92.0429082948787,30.2261097092031,7.6,"07/04/2022"
"136773",-90.765274558,29.764098203,9.2,"07/04/2022"
"137081",-90.8113827241473,30.3154062678331,9.7,"07/04/2022"
"137393",-90.101549844771,29.9935192585394,6.7,"07/04/2022"
"137873",-89.97625,29.943164,9.3,"07/04/2022"
"138189",-90.199678,30.4293810008245,8.8,"07/04/2022"
"138833",-70.214219,44.089406,5,"07/04/2022"
"139150",-68.321106,47.355332,1.4,"07/04/2022"
"139533",-68.016195,46.682299,1,"07/04/2022"
"139862",-68.033006,46.696431,3,"07/04/2022"
"140244",-70.268965,43.660246,4.4,"07/04/2022"
"140562",-68.2609,44.377050000943,2,"07/04/2022"
"140986",-70.546319,44.551419,4.7,"07/04/2022"
"141307",-68.772762,44.8173980009432,2.7,"07/04/2022"
"141645",-76.633543,39.460478000926,24.2,"07/04/2022"
"141997",-75.864771,39.702982,7.5,"07/04/2022"
"142313",-76.141006,38.587525,8.2,"07/04/2022"
"142631",-79.012,39.70595,6.2,"07/04/2022"
"142951",-76.296946,39.410191,17.2,"07/04/2022"
"143274",-76.84611,39.14313,9.9,"07/04/2022"
"143595",-75.797317,39.305021,7.9,"07/04/2022"
"143911",-77.106876,39.114313,9.4,"07/04/2022"
"144283",-76.878333,39.055277,8.7,"07/04/2022"
"144564",-77.720244,39.564178,9.1,"07/04/2022"
"144918",-76.58905,39.3374600009252,15,"07/04/2022"
"145279",-73.2396482491513,42.4522993070341,8.3,"07/04/2022"
"145604",-73.110414,42.7022230009403,7,"07/04/2022"
"145924",-71.1692346663934,41.6857067155718,5.9,"07/04/2022"
"146480",-71.102290324038,42.7708365765506,9.8,"07/04/2022"
"146846",-72.596689,42.605816,4.6,"07/04/2022"
"147175",-72.5551116962843,42.194380465342,4.2,"07/04/2022"
"147511",-72.5845032277788,42.1202291946886,10.3,"07/04/2022"
"147754",-72.3340786435612,42.2984926849719,4.2,"07/04/2022"
"148076",-71.3069864063041,42.6120846820042,6.3,"07/04/2022"
"148396",-70.963346,42.241229,6.5,"07/04/2022"
"148721",-71.0121294262363,42.0651056363862,12.3,"07/04/2022"
"149095",-71.0971627875593,42.3488727124916,6,"07/04/2022"
"149474",-71.0826,42.3295,7.6,"07/04/2022"
"149829",-71.056061,42.325186,10.5,"07/04/2022"
"150153",-71.056061,42.325186,9.9,"07/04/2022"
"150364",-71.026111,42.387222,7.1,"07/04/2022"
"150684",-71.7943222531487,42.2639545825909,10.3,"07/04/2022"
"150989",-86.1485772164682,42.7677855514527,14,"07/04/2022"
"151307",-83.8907206820599,43.5713906134716,10.2,"07/04/2022"
"151627",-83.6701590874905,43.0472241917062,20.9,"07/04/2022"
"151791",-83.6701590874905,43.0472241917062,18.5,"07/04/2022"
"151990",-84.5627790819822,42.7613867496542,22.4,"07/04/2022"
"152150",-84.5627790819822,42.7613867496542,21.5,"07/04/2022"
"152339",-85.5418899211592,42.2780666736986,21.7,"07/04/2022"
"152645",-85.6713387423288,42.9841730428365,24.7,"07/04/2022"
"152838",-85.6713387423288,42.9841730428365,23.6,"07/04/2022"
"153051",-83.9465593762963,41.9955676998722,15.3,"07/04/2022"
"153373",-82.79346283166,42.7313941191528,12.8,"07/04/2022"
"153934",-83.1831986800023,42.4630634106704,21.9,"07/04/2022"
"154108",-85.8527340226485,42.8944506594294,25.4,"07/04/2022"
"154717",-85.9502269219365,46.2888771607497,7.9,"07/04/2022"
"155158",-83.5996022282151,42.2405654781129,16.2,"07/04/2022"
"155328",-83.2082000228824,42.2286201358284,14.1,"07/04/2022"
"155527",-83.2082000228824,42.2286201358284,14.4,"07/04/2022"
"155811",-83.1065304278455,42.3027864681917,18.2,"07/04/2022"
"156002",-83.0001375444892,42.4308404181017,18,"07/04/2022"
"156081",-83.1487538477324,42.3066744897716,24.1,"07/04/2022"
"156138",-83.1487538477324,42.3066744897716,25.7,"07/04/2022"
"156323",-83.1487538477324,42.3066744897716,26.6,"07/04/2022"
"156641",-83.2661886555648,42.3859980524931,21.7,"07/04/2022"
"157225",-83.091943,42.3121580009392,11.7,"07/04/2022"
"157548",-83.129431,42.295824,14.8,"07/04/2022"
"157870",-83.103469,42.312078,19.8,"07/04/2022"
"158720",-95.846272,46.851811,8.4,"07/04/2022"
"159033",-95.029172,47.8781590009383,9.5,"07/04/2022"
"159356",-92.511722,46.7136940009414,1.7,"07/04/2022"
"159676",-94.60166,47.3844300009398,8.2,"07/04/2022"
"159938",-89.69098,47.972085,3.3,"07/04/2022"
"160232",-94.1303,46.396740000942,8,"07/04/2022"
"160541",-93.23725,44.7384600009432,5,"07/04/2022"
"160838",-93.285803,44.706123,3.5,"07/04/2022"
"161150",-93.254759,44.9652420009432,10.6,"07/04/2022"
"161508",-93.25821,44.9536600009432,10.6,"07/04/2022"
"161876",-91.495574,47.948622,2.5,"07/04/2022"
"162171",-95.81789,44.4438000009431,3.1,"07/04/2022"
"162500",-92.450366,43.996908,7.5,"07/04/2022"
"163395",-92.536305,47.5233550009394,4.1,"07/04/2022"
"163716",-92.08936,46.8182600009412,0.7,"07/04/2022"
"164006",-92.1659975412758,46.7436571531727,0.5,"07/04/2022"
"164308",-93.512534,44.7914370009432,12.5,"07/04/2022"
"164863",-93.66921,45.2091600009432,5.9,"07/04/2022"
"165173",-90.734175,33.750838,6.9,"07/04/2022"
"165502",-89.98778,34.82056,9.9,"07/04/2022"
"165677",-89.2922,31.32389,8.1,"07/04/2022"
"165874",-89.2922,31.32389,8.3,"07/04/2022"
"166203",-89.395916,30.3008330008224,7.3,"07/04/2022"
"166531",-89.0497776193734,30.390369181243,7.4,"07/04/2022"
"166736",-90.182722,32.329111,7,"07/04/2022"
"166950",-90.182722,32.329111,7.4,"07/04/2022"
"167278",-90.225667,32.346722,7.4,"07/04/2022"
"167605",-88.5339296135032,30.3782867218264,9,"07/04/2022"
"167915",-94.858584090462,39.7416944853212,18.9,"07/04/2022"
"168415",-94.57983,38.75961,8.4,"07/04/2022"
"168744",-94.03474,37.70097,7.6,"07/04/2022"
"169071",-94.3770140393154,39.3031741035639,16.6,"07/04/2022"
"169388",-93.2998938430676,37.2561370295805,12.8,"07/04/2022"
"169844",-94.5707895938208,39.1046863699472,13.9,"07/04/2022"
"170352",-94.450513,39.047911,19.5,"07/04/2022"
"170667",-90.3959043035092,38.4486717884839,16,"07/04/2022"
"171181",-90.3503131332522,38.6503289014021,7.8,"07/04/2022"
"171503",-90.2637112060473,38.542550531558,10.7,"07/04/2022"
"171866",-90.1983482680334,38.656428944875,12,"07/04/2022"
"172363",-90.1898679960933,38.6564789512734,10.6,"07/04/2022"
"172861",-90.28115,38.6311400009204,11.1,"07/04/2022"
"173182",-111.303317,47.494318,6.1,"07/04/2022"
"173509",-105.8127777778,46.4113888889,5,"07/04/2022"
"173830",-109.455315,47.048537,3.3,"07/04/2022"
"174157",-114.189272,48.363694,9,"07/04/2022"
"174486",-111.089618,44.657014,4.9,"07/04/2022"
"174813",-111.056282,45.683765,8.4,"07/04/2022"
"175199",-111.987164,46.8505,1,"07/04/2022"
"175554",-112.013089,46.658762,11.5,"07/04/2022"
"175882",-112.013089,46.658762,12,"07/04/2022"
"176125",-115.553309333839,48.3915450080109,6.6,"07/04/2022"
"176452",-114.021498634245,46.8421813619225,5.8,"07/04/2022"
"176777",-114.224273,47.012907,5.9,"07/04/2022"
"177106",-113.476182,47.17563,10.5,"07/04/2022"
"177435",-107.862471,48.317507,5.8,"07/04/2022"
"178092",-114.158889,46.243621,11.6,"07/04/2022"
"178413",-104.67694444,47.8679000009384,5.7,"07/04/2022"
"178742",-115.323746,47.594395,5.6,"07/04/2022"
"179419",-108.425978,45.8063110009428,61.8,"07/04/2022"
"179748",-95.973142,41.2474860009354,12.2,"07/04/2022"
"179954",-95.973142,41.2474860009354,12.6,"07/04/2022"
"180042",-96.056686,41.1978470009352,17.9,"07/04/2022"
"180100",-96.056686,41.1978470009352,18.5,"07/04/2022"
"180291",-96.824166,40.285,6.9,"07/04/2022"
"180325",-96.824166,40.285,6.7,"07/04/2022"
"180517",-98.378888,40.9155550009339,8.2,"07/04/2022"
"180917",-95.956103,41.1332940009349,13.5,"07/04/2022"
"181213",-103.656561,41.876853,4.5,"07/04/2022"
"181498",-103.658056,41.875556,4.3,"07/04/2022"
"181770",-96.146175,41.5512110009366,10.6,"07/04/2022"
"181965",-96.146175,41.5512110009366,10.6,"07/04/2022"
"182265",-114.050347,36.815897,3.5,"07/04/2022"
"182590",-115.253333,36.106389,7,"07/04/2022"
"182919",-115.268516754406,36.0047334387416,4.4,"07/04/2022"
"183248",-115.263038,36.16976,7.7,"07/04/2022"
"183575",-115.332728,36.173415,4.4,"07/04/2022"
"184081",-115.238282,36.270592,9.7,"07/04/2022"
"184410",-115.052942,36.048705,6.7,"07/04/2022"
"184739",-115.148885,35.987908,7.8,"07/04/2022"
"185182",-115.078742,36.141875,11.7,"07/04/2022"
"185568",-115.11393,36.163962,8.8,"07/04/2022"
"185897",-114.835007,35.969848,6,"07/04/2022"
"186225",-115.357087,35.7856650008953,4.1,"07/04/2022"
"186553",-115.175654,36.1397070008989,7.5,"07/04/2022"
"186882",-115.13977,36.174365,7.1,"07/04/2022"
"187077",-115.091437,36.214465,22.8,"07/04/2022"
"187406",-119.732507,38.897557,1.3,"07/04/2022"
"187730",-119.7396057,39.3998365,2.7,"07/04/2022"
"188116",-119.7954,39.5219333333333,2.7,"07/04/2022"
"188443",-119.7467605,39.5409171,4.5,"07/04/2022"
"189094",-119.7661,39.1447,0.3,"07/04/2022"
"189799",-72.272332,42.9305210009409,4.2,"07/04/2022"
"190124",-72.309499,43.6296050009422,4.7,"07/04/2022"
"190509",-71.878626,42.8618300009407,4.1,"07/04/2022"
"190837",-70.748017,43.0753710009412,7.8,"07/04/2022"
"191221",-71.38014,42.8625310009407,7.8,"07/04/2022"
"191418",-74.448736,39.464872,6.5,"07/04/2022"
"191626",-74.448736,39.464872,7.3,"07/04/2022"
"191819",-74.431,39.36326,6,"07/04/2022"
"192026",-73.96618,40.85355,11.7,"07/04/2022"
"192280",-75.125219,39.934559,8,"07/04/2022"
"192472",-75.125219,39.934559,7.3,"07/04/2022"
"192665",-75.050008,39.989036,9.6,"07/04/2022"
"192869",-75.025204,39.422273,6.9,"07/04/2022"
"193060",-74.192892,40.720989,16.3,"07/04/2022"
"193251",-74.192892,40.720989,14.9,"07/04/2022"
"193393",-75.212119,39.800339,7.6,"07/04/2022"
"193593",-74.036218,40.770908,10.6,"07/04/2022"
"193778",-74.052293,40.725413,12.8,"07/04/2022"
"193891",-74.052293,40.725413,13.4,"07/04/2022"
"194083",-74.052293,40.725413,13.5,"07/04/2022"
"194401",-74.806671,40.515262,9,"07/04/2022"
"194708",-74.742613,40.283092,7.3,"07/04/2022"
"195016",-74.763167,40.222411,10.9,"07/04/2022"
"195211",-74.429439,40.462182,9,"07/04/2022"
"195423",-74.429439,40.462182,9.7,"07/04/2022"
"195608",-74.676301,40.787628,5.3,"07/04/2022"
"195804",-74.170447,39.994908,6.2,"07/04/2022"
"196184",-74.208365,40.64144,11.2,"07/04/2022"
"196294",-74.208365,40.64144,12.3,"07/04/2022"
"196491",-74.208365,40.64144,10,"07/04/2022"
"196807",-74.276174,40.603943,10.5,"07/04/2022"
"196961",-75.067815,40.92458,7,"07/04/2022"
"197150",-75.067815,40.92458,9.7,"07/04/2022"
"197550",-106.5852,35.1343000008884,8.2,"07/04/2022"
"197874",-106.60468,35.1443000008885,6,"07/04/2022"
"198288",-106.65739,35.01708,7.8,"07/04/2022"
"198597",-106.50815,35.1852000008889,6.4,"07/04/2022"
"198923",-106.613815,35.193240000889,11.9,"07/04/2022"
"199237",-106.599714692,32.003711801,6.9,"07/04/2022"
"199443",-106.599714692,32.003711801,7.1,"07/04/2022"
"199534",-106.584433773,31.796218122,8,"07/04/2022"
"199579",-106.584433773,31.796218122,8.6,"07/04/2022"
"199771",-106.683324495,31.787884954,4.1,"07/04/2022"
"200093",-106.768337357,32.322037337,5.2,"07/04/2022"
"200420",-103.122917,32.726656,14.3,"07/04/2022"
"200733",-106.07968,35.6197500008936,3.4,"07/04/2022"
"201058",-105.583899941,36.383359115,2.2,"07/04/2022"
"201256",-73.75464,42.64225,12.7,"07/04/2022"
"201301",-73.75464,42.64225,13.3,"07/04/2022"
"201487",-73.75464,42.64225,9.5,"07/04/2022"
"201685",-73.75733,42.68075,7.7,"07/04/2022"
"201865",-73.92009,40.83606,16.5,"07/04/2022"
"202001",-73.902,40.816,12.5,"07/04/2022"
"202161",-73.902,40.816,9.5,"07/04/2022"
"202367",-73.87809,40.8679,18.6,"07/04/2022"
"202442",-79.31881,42.49963,9.3,"07/04/2022"
"202517",-78.77153,42.99328,19.8,"07/04/2022"
"202562",-78.77153,42.99328,19,"07/04/2022"
"202628",-78.8095260117327,42.8769066671345,46.2,"07/04/2022"
"202823",-78.8095260117327,42.8769066671345,30.5,"07/04/2022"
"203096",-78.7658253281598,42.9211072796373,18,"07/04/2022"
"203420",-78.89926,42.99813,12,"07/04/2022"
"203537",-73.8589,44.39308,2.9,"07/04/2022"
"203710",-73.8589,44.39308,4.3,"07/04/2022"
"203980",-74.01871,40.64182,9.4,"07/04/2022"
"204331",-73.94771,40.71961,11.1,"07/04/2022"
"204532",-77.5572802599319,43.1450126807403,7.1,"07/04/2022"
"204930",-77.54817,43.14618,7.6,"07/04/2022"
"205402",-73.93432,40.7997,18.2,"07/04/2022"
"205449",-73.93432,40.7997,18.7,"07/04/2022"
"205638",-73.935649,40.8495500009336,7.3,"07/04/2022"
"205901",-73.94825,40.81976,11.4,"07/04/2022"
"206138",-75.22506,43.09892,11.9,"07/04/2022"
"206271",-76.05921,43.05235,7.1,"07/04/2022"
"206473",-76.05921,43.05235,6.5,"07/04/2022"
"206677",-74.00885,41.49916,13.5,"07/04/2022"
"206876",-74.00885,41.49916,12.3,"07/04/2022"
"207133",-73.89313,40.72698,14.2,"07/04/2022"
"207278",-73.82153,40.73614,16.9,"07/04/2022"
"207479",-73.82153,40.73614,14,"07/04/2022"
"207808",-73.817694,40.739264,17.1,"07/04/2022"
"207978",-74.13719,40.63307,19.1,"07/04/2022"
"208167",-74.13719,40.63307,19.1,"07/04/2022"
"208422",-74.19832,40.58027,7.9,"07/04/2022"
"208680",-74.02819,41.18208,4.6,"07/04/2022"
"208825",-77.20978,42.09142,7,"07/04/2022"
"209025",-77.20978,42.09142,7,"07/04/2022"
"209224",-73.41919,40.74529,10.2,"07/04/2022"
"209422",-73.05754,40.82799,5.8,"07/04/2022"
"209692",-73.76366,41.05192,7.5,"07/04/2022"
"209982",-82.5844,35.6062000008935,11.1,"07/04/2022"
"210471",-81.365556,35.728889,12.4,"07/04/2022"
"210784",-78.953112,35.041416,9.1,"07/04/2022"
"210942",-80.2627,35.8145,22.1,"07/04/2022"
"211137",-80.2627,35.8145,17.6,"07/04/2022"
"211426",-78.904037,36.0329550008979,10,"07/04/2022"
"211726",-77.5843,35.988278,8.4,"07/04/2022"
"212100",-80.224501,36.11094,17.7,"07/04/2022"
"212455",-80.341962,36.026612,16.5,"07/04/2022"
"212776",-79.802314,36.1090060008986,14.7,"07/04/2022"
"213081",-78.4622,35.59095,9.7,"07/04/2022"
"213450",-80.785683,35.2401000008895,20.6,"07/04/2022"
"213786",-80.874084,35.213171,16.4,"07/04/2022"
"214103",-80.851473,35.28179100089,14.7,"07/04/2022"
"214404",-82.062082,35.9124870008966,9.2,"07/04/2022"
"214726",-79.836636,35.2631650008898,7.7,"07/04/2022"
"215032",-77.838611,34.364167,1.9,"07/04/2022"
"215532",-77.655389,36.5117080009026,10,"07/04/2022"
"215842",-77.360126,35.6412760008938,8.8,"07/04/2022"
"216160",-80.395039,35.551868,13.2,"07/04/2022"
"216468",-83.442133,35.434767,4.9,"07/04/2022"
"216821",-78.574167,35.856111,13.4,"07/04/2022"
"217140",-78.8197,35.8652,8.8,"07/04/2022"
"217455",-103.37853,46.8943000009411,1,"07/04/2022"
"217781",-102.4018,48.6419300009354,7,"07/04/2022"
"217982",-100.76821,46.8254250009412,13.3,"07/04/2022"
"218060",-100.76821,46.8254250009412,13.4,"07/04/2022"
"218264",-100.76821,46.8254250009412,15.2,"07/04/2022"
"218591",-96.85535,46.933754000941,7.9,"07/04/2022"
"218911",-102.645864,47.34242300094,2.7,"07/04/2022"
"219206",-103.2995,47.5812,3.3,"07/04/2022"
"219535",-101.766944,47.2986110009401,4.1,"07/04/2022"
"219864",-101.766944,47.2986110009401,4.2,"07/04/2022"
"220192",-101.428056,47.1858330009404,4.3,"07/04/2022"
"220514",-101.571583,47.9408610009381,3.8,"07/04/2022"
"220687",-84.0539,40.7709440009332,11,"07/04/2022"
"220882",-84.0539,40.7709440009332,10.5,"07/04/2022"
"221083",-81.908827,39.442165,9.7,"07/04/2022"
"221169",-80.7464,39.9679,14.6,"07/04/2022"
"221228",-84.36374,39.49072,19,"07/04/2022"
"221317",-84.5666,39.33839,26.5,"07/04/2022"
"221407",-84.409617,39.479822,20.4,"07/04/2022"
"221521",-84.409617,39.479822,20,"07/04/2022"
"221738",-84.394952,39.472436,18.6,"07/04/2022"
"221937",-84.394952,39.472436,19.3,"07/04/2022"
"222152",-84.397112,39.478686,20.2,"07/04/2022"
"222274",-83.80949,39.92882,13.9,"07/04/2022"
"222486",-83.80949,39.92882,14.9,"07/04/2022"
"222806",-84.1441,39.0828,14.2,"07/04/2022"
"223004",-81.575256,41.55523,14.7,"07/04/2022"
"223093",-81.682383,41.477011,18.3,"07/04/2022"
"223184",-81.682383,41.477011,18.1,"07/04/2022"
"223397",-81.682383,41.477011,18.4,"07/04/2022"
"223602",-81.656792,41.471782,20.9,"07/04/2022"
"223693",-81.678449,41.492117,24.6,"07/04/2022"
"223904",-81.678449,41.492117,17.1,"07/04/2022"
"224108",-81.6623559,41.4466244,16.7,"07/04/2022"
"224211",-81.494833,41.44013,13.3,"07/04/2022"
"224425",-81.494833,41.44013,14.2,"07/04/2022"
"224648",-81.818667,41.39629,13.5,"07/04/2022"
"224856",-82.815585,40.0845140009297,10.7,"07/04/2022"
"225062",-82.994424,40.002707,16.8,"07/04/2022"
"225122",-82.994424,40.002707,17.7,"07/04/2022"
"225198",-83.065415,40.11107,17.4,"07/04/2022"
"225413",-83.065415,40.11107,17.9,"07/04/2022"
"225570",-83.01159,39.91251,18.4,"07/04/2022"
"225661",-82.959773,40.0877,14.3,"07/04/2022"
"225870",-84.36625,39.2787,18.5,"07/04/2022"
"226177",-84.69086,39.21487,29.1,"07/04/2022"
"226352",-84.478974,39.19433,19.6,"07/04/2022"
"226396",-84.478974,39.19433,19.4,"07/04/2022"
"226593",-84.478974,39.19433,21,"07/04/2022"
"227010",-84.50404,39.12886,17,"07/04/2022"
"227230",-84.55117,39.10492,23,"07/04/2022"
"227429",-84.55117,39.10492,22.8,"07/04/2022"
"227646",-84.538375,39.146025,21.7,"07/04/2022"
"227843",-84.538375,39.146025,24.8,"07/04/2022"
"228006",-80.9334011,40.332933300931,10.4,"07/04/2022"
"228079",-80.6158,40.3663,17.3,"07/04/2022"
"228139",-80.6158,40.3663,18,"07/04/2022"
"228336",-80.6158,40.3663,18.1,"07/04/2022"
"228539",-81.242156,41.726811,6.7,"07/04/2022"
"228753",-81.242156,41.726811,13.1,"07/04/2022"
"228957",-82.659241,38.508075,14.2,"07/04/2022"
"229165",-82.659241,38.508075,13.2,"07/04/2022"
"229347",-83.54616,41.644067,11,"07/04/2022"
"229557",-83.54616,41.644067,12,"07/04/2022"
"229760",-83.64226,41.62057,12.7,"07/04/2022"
"229844",-83.4785,41.6798670009371,12.3,"07/04/2022"
"229904",-80.64057637,41.1061822,27.3,"07/04/2022"
"230097",-80.64057637,41.1061822,23,"07/04/2022"
"230344",-81.9239,41.0604,14.2,"07/04/2022"
"230552",-81.9239,41.0604,14.2,"07/04/2022"
"230750",-84.198674,39.7559690009278,15.2,"07/04/2022"
"230810",-84.198674,39.7559690009278,15.3,"07/04/2022"
"231009",-84.198674,39.7559690009278,16.4,"07/04/2022"
"231214",-81.2352,41.1644,13.7,"07/04/2022"
"231298",-84.720524,39.83562,13.9,"07/04/2022"
"231510",-84.720524,39.83562,14.3,"07/04/2022"
"231713",-82.91701,38.754599,16.7,"07/04/2022"
"231770",-82.80677,38.59246,15,"07/04/2022"
"231846",-81.394153,40.7868036,19.8,"07/04/2022"
"231905",-81.394153,40.7868036,19.3,"07/04/2022"
"231980",-81.373,40.800717,14.1,"07/04/2022"
"232194",-81.373,40.800717,15.5,"07/04/2022"
"232400",-81.468956,41.063526,16.4,"07/04/2022"
"232460",-81.468956,41.063526,16.2,"07/04/2022"
"232655",-81.468956,41.063526,18.7,"07/04/2022"
"232852",-81.541532,41.087862,15.5,"07/04/2022"
"232911",-80.80116,41.2317200009353,33.7,"07/04/2022"
"233102",-80.80116,41.2317200009353,32.3,"07/04/2022"
"233464",-84.20077,39.42689,15.3,"07/04/2022"
"234085",-97.462931,34.244189,7.1,"07/04/2022"
"234401",-97.484099,35.3201050008904,10.3,"07/04/2022"
"234724",-98.42879,34.63298,7.2,"07/04/2022"
"235041",-98.931973,36.1584140008991,8.1,"07/04/2022"
"235345",-97.08135,36.6971860009043,9.2,"07/04/2022"
"235655",-95.6322855667227,36.9184103847806,10.7,"07/04/2022"
"235998",-97.5779809690174,35.503069688433,9.1,"07/04/2022"
"236374",-97.475083,35.6141310008935,9.3,"07/04/2022"
"236979",-95.78441,34.8856080008856,7.8,"07/04/2022"
"237397",-94.524413,35.4081400008914,7.2,"07/04/2022"
"237721",-96.004975,35.9537080008971,9.4,"07/04/2022"
"238130",-95.976537,36.2049020008996,11.2,"07/04/2022"
"238409",-96.012749,35.9013240008965,7.4,"07/04/2022"
"238614",-117.8446,44.78822,5,"07/04/2022"
"238943",-123.2673,44.5884,4.4,"07/04/2022"
"239147",-122.588151,45.25928,4,"07/04/2022"
"239474",-122.332626,45.2914130009432,7.5,"07/04/2022"
"239856",-122.7721,45.768531,3.5,"07/04/2022"
"240177",-124.21882,43.3626900009418,3.4,"07/04/2022"
"240426",-124.263889,43.381944,-2.1,"07/04/2022"
"240802",-120.844773,44.299787,5,"07/04/2022"
"241293",-121.5555,44.2921,3.5,"07/04/2022"
"241620",-121.272518,44.093619,3.2,"07/04/2022"
"241942",-121.330964,44.024283,2.5,"07/04/2022"
"242240",-121.434248,43.868956,2.6,"07/04/2022"
"242566",-121.312554,44.063916,3.1,"07/04/2022"
"242891",-121.2942,44.0548000009428,3.3,"07/04/2022"
"243211",-121.190338,44.274996000943,4.2,"07/04/2022"
"243535",-121.5273,43.7037600009423,2.8,"07/04/2022"
"244182",-118.9513,44.418,4.3,"07/04/2022"
"244715",-119.04872,43.58925,4.5,"07/04/2022"
"245036",-121.52739,45.6851300009429,3,"07/04/2022"
"245361",-122.810158,42.623225,3.1,"07/04/2022"
"245690",-122.7877,42.229891,3.3,"07/04/2022"
"246019",-122.7086,42.1941,2.9,"07/04/2022"
"246389",-122.880266,42.33155,9.4,"07/04/2022"
"246718",-121.13165,44.63062,3.5,"07/04/2022"
"247047",-123.64835,42.1617,3.2,"07/04/2022"
"247428",-123.348466,42.434139,8.7,"07/04/2022"
"248059",-121.731369,42.190296,29.6,"07/04/2022"
"248224",-122.146241466888,42.9107711613949,2.6,"07/04/2022"
"248527",-121.921636,42.5410770009399,2.4,"07/04/2022"
"248891",-120.353969,42.189215,3.3,"07/04/2022"
"249397",-123.1413524,44.0672238,4.7,"07/04/2022"
"249905",-123.083737,44.026312,4.3,"07/04/2022"
"250551",-123.1211,44.1158,4.3,"07/04/2022"
"250877",-123.017704,44.046696,5.2,"07/04/2022"
"251381",-122.480487,43.744352,5.5,"07/04/2022"
"252184",-123.091457,44.61569,9.9,"07/04/2022"
"252487",-122.479672,44.752092,6.8,"07/04/2022"
"252797",-122.7305,44.3958,7.1,"07/04/2022"
"253124",-122.617048,44.778743,11.2,"07/04/2022"
"253428",-116.9697,44.0334000009427,10.6,"07/04/2022"
"253753",-122.915085,44.81029,7,"07/04/2022"
"254082",-122.790382,45.014998,6.7,"07/04/2022"
"254628",-123.005934,44.943114,8.3,"07/04/2022"
"254940",-122.182756,44.728314,2.7,"07/04/2022"
"255256",-122.737682,45.590049,4.9,"07/04/2022"
"255580",-122.48337,45.4962300009431,12.2,"07/04/2022"
"255901",-122.6881,45.5187,2.5,"07/04/2022"
"256225",-122.653294,45.51421,3.4,"07/04/2022"
"256538",-122.5795,45.5418,4.3,"07/04/2022"
"256923",-122.602877,45.496641,4.1,"07/04/2022"
"257247",-122.575278,45.562500000943,5.3,"07/04/2022"
"257572",-123.30198,44.9225900009432,6.1,"07/04/2022"
"258170",-118.823033,45.652231,7.8,"07/04/2022"
"258499",-119.262991,45.828968,3.4,"07/04/2022"
"258828",-117.812896,45.300884,3.8,"07/04/2022"
"259157",-118.0778,45.3235,10.2,"07/04/2022"
"259485",-117.296066,45.426351,5.2,"07/04/2022"
"259793",-121.203387,45.602419,2.7,"07/04/2022"
"260197",-122.972398,45.528501,5.3,"07/04/2022"
"260582",-122.747894,45.393497,10.7,"07/04/2022"
"260907",-123.10554,45.524830000943,5.4,"07/04/2022"
"261233",-122.816411,45.470191,12.4,"07/04/2022"
"261615",-77.3096801656909,39.9200201125851,7.4,"07/04/2022"
"261934",-80.0713371969741,40.4997665699716,16.2,"07/04/2022"
"262246",-79.9607574502479,40.4654203279986,19.4,"07/04/2022"
"262763",-79.8680624013838,40.3237675516937,27.9,"07/04/2022"
"263234",-79.8609731768317,40.402328034171,19.8,"07/04/2022"
"263503",-79.863572,40.43743,18.3,"07/04/2022"
"263775",-79.8853311242625,40.2943405647412,23.4,"07/04/2022"
"264046",-79.5647497763623,40.8141826239239,13.7,"07/04/2022"
"264245",-80.299211,40.691857,14.4,"07/04/2022"
"264424",-80.3164417143694,40.7477958611323,15.6,"07/04/2022"
"264650",-80.3164417143694,40.7477958611323,18.8,"07/04/2022"
"264971",-75.9686,40.38335,9.1,"07/04/2022"
"265299",-78.370833,40.535278,13.6,"07/04/2022"
"265606",-76.512726,41.705226,6.7,"07/04/2022"
"265899",-78.915,40.309722,25.6,"07/04/2022"
"266222",-78.915,40.309722,23.4,"07/04/2022"
"266459",-77.877028,40.811389,10.1,"07/04/2022"
"266780",-75.768242075333,39.8344605866755,9.1,"07/04/2022"
"267012",-77.18675,40.246528,7.7,"07/04/2022"
"267245",-77.18675,40.246528,9.4,"07/04/2022"
"267410",-76.846988,40.246992,10.2,"07/04/2022"
"267600",-76.846988,40.246992,11,"07/04/2022"
"268135",-75.3725,39.835556,10.5,"07/04/2022"
"268457",-75.413973,39.818715,10.3,"07/04/2022"
"268771",-80.038611,42.14175,14.3,"07/04/2022"
"269099",-79.805499,39.917663,15.8,"07/04/2022"
"269360",-80.26567,39.80933,10.9,"07/04/2022"
"269645",-78.919972,40.56333,10.8,"07/04/2022"
"269961",-75.623056,41.442778,12.2,"07/04/2022"
"270220",-76.283333,40.046667,11.9,"07/04/2022"
"270298",-76.283333,40.046667,0.6,"07/04/2022"
"270490",-76.283333,40.046667,11.5,"07/04/2022"
"270785",-76.1124,40.0438330009294,8.8,"07/04/2022"
"271015",-76.1124,40.0438330009294,14.6,"07/04/2022"
"271323",-76.394788,40.338516,11.3,"07/04/2022"
"271564",-76.394788,40.338516,11.4,"07/04/2022"
"271886",-75.4325,40.611944,10.7,"07/04/2022"
"272196",-77.231189,41.266263,7,"07/04/2022"
"272386",-80.4847786925965,41.2150135311878,17.8,"07/04/2022"
"272715",-75.309167,40.112222,8.1,"07/04/2022"
"273027",-75.341111,40.628056,12,"07/04/2022"
"273567",-75.080833,39.991389,8.8,"07/04/2022"
"274041",-75.186921,39.922867,7,"07/04/2022"
"274361",-75.142614,39.9600480009289,7.1,"07/04/2022"
"274649",-74.985166,40.054171,9.2,"07/04/2022"
"275138",-75.6862189163781,41.8673310595086,10.5,"07/04/2022"
"275413",-76.939167,41.644722,6.8,"07/04/2022"
"275676",-79.902222,40.146667,17.1,"07/04/2022"
"275994",-80.420833,40.445278,10.8,"07/04/2022"
"276297",-80.243995,40.268963,11.4,"07/04/2022"
"276564",-79.505667,40.304694,12.2,"07/04/2022"
"276840",-75.95774,41.605244,6.6,"07/04/2022"
"277112",-76.699444,39.965278,11.5,"07/04/2022"
"277430",-71.72,41.615237,2.7,"07/04/2022"
"277747",-71.412968,41.807469,14,"07/04/2022"
"278118",-71.36097,41.841039,9.1,"07/04/2022"
"278436",-71.36097,41.841039,10,"07/04/2022"
"278671",-71.423705,41.49511,2.2,"07/04/2022"
"278957",-79.96,32.84,13.3,"07/04/2022"
"279070",-79.96,32.84,12.7,"07/04/2022"
"279215",-79.96,32.84,13.8,"07/04/2022"
"279534",-79.956983,32.836602,7.6,"07/04/2022"
"279715",-79.657187,32.9410230008615,10.6,"07/04/2022"
"280029",-80.06501,32.980254000862,14,"07/04/2022"
"280165",-80.198787,34.6153670008825,7.7,"07/04/2022"
"280369",-80.198787,34.6153670008825,5.7,"07/04/2022"
"280550",-81.853635,33.7399630008719,8,"07/04/2022"
"280760",-81.853635,33.7399630008719,5.6,"07/04/2022"
"280964",-79.76734715,34.21426338,10,"07/04/2022"
"281155",-79.76734715,34.21426338,10.9,"07/04/2022"
"281456",-82.4145845,34.84389511,16.5,"07/04/2022"
"281712",-82.4145845,34.84389511,17,"07/04/2022"
"281913",-82.25670125,34.75184811,17.7,"07/04/2022"
"281999",-82.25670125,34.75184811,17.1,"07/04/2022"
"282442",-81.15495,34.0510170008757,7.7,"07/04/2022"
"282637",-80.962304,34.093959,6.2,"07/04/2022"
"282726",-80.962304,34.093959,6.7,"07/04/2022"
"282862",-80.962304,34.093959,6.2,"07/04/2022"
"283162",-81.92479656,34.95556569,10.8,"07/04/2022"
"283406",-81.92479656,34.95556569,12.7,"07/04/2022"
"283734",-96.8072988595708,44.3486039691769,1.2,"07/04/2022"
"284055",-98.494061,45.468596,4.9,"07/04/2022"
"284680",-97.128802,44.89965,9.6,"07/04/2022"
"284996",-103.48386,43.55764,5.4,"07/04/2022"
"285318",-100.287269,44.373786,-1.6,"07/04/2022"
"285647",-101.941218,43.74561,3.8,"07/04/2022"
"286019",-96.78331,43.59901,8,"07/04/2022"
"286341",-103.273777,44.087397,7.6,"07/04/2022"
"286653",-83.942152,35.768847,18.2,"07/04/2022"
"286887",-86.738899956,36.176382189,17.9,"07/04/2022"
"287362",-86.738899956,36.176382189,16.1,"07/04/2022"
"287600",-86.7341,36.1424,20,"07/04/2022"
"287873",-89.382157,36.05266,9.4,"07/04/2022"
"288282",-85.293019,35.050918,12.3,"07/04/2022"
"288446",-83.925773,35.980675,22.9,"07/04/2022"
"288635",-83.925773,35.980675,19.5,"07/04/2022"
"288803",-83.950666,35.9780740008973,17.7,"07/04/2022"
"288967",-83.950666,35.9780740008973,16.6,"07/04/2022"
"289290",-83.87381,36.0191860008977,15.1,"07/04/2022"
"289610",-87.419725,35.1168780008882,6.5,"07/04/2022"
"289929",-84.343035,35.7210950008947,8.1,"07/04/2022"
"290426",-84.596195,35.450115,9.5,"07/04/2022"
"290751",-88.81964,35.7053190008945,10.9,"07/04/2022"
"291074",-87.0096,35.6518800008939,11.5,"07/04/2022"
"291387",-87.384666,36.6114110009035,23.3,"07/04/2022"
"291714",-85.492107,36.185702,9.5,"07/04/2022"
"292026",-84.542802,35.939078,12.7,"07/04/2022"
"292481",-89.850249,35.151699,8.9,"07/04/2022"
"292862",-82.521599,36.538761,9.2,"07/04/2022"
"293566",-98.589158,29.162997,8.7,"07/04/2022"
"293893",-97.431052,31.122419,7.4,"07/04/2022"
"294214",-98.620166,29.51509,8.1,"07/04/2022"
"294860",-98.580511,29.423937,10.8,"07/04/2022"
"295189",-98.391403,29.529432,7.6,"07/04/2022"
"295511",-94.07778,33.436111,11.8,"07/04/2022"
"295807",-96.362777,30.628333,6.3,"07/04/2022"
"296120",-103.17781,29.30265,9.3,"07/04/2022"
"296437",-97.49383,25.892518,10.9,"07/04/2022"
"296732",-97.1577,26.0711,15.7,"07/04/2022"
"296942",-96.797686,32.774262,9.4,"07/04/2022"
"297517",-96.75319,32.745119,12.5,"07/04/2022"
"297760",-97.196284,33.219069,7.1,"07/04/2022"
"298081",-102.334745,31.870259,7.7,"07/04/2022"
"298857",-106.402806,31.746775,16.6,"07/04/2022"
"299186",-106.288,31.6675,7.3,"07/04/2022"
"299822",-95.326137,29.901036,8.3,"07/04/2022"
"300166",-95.284096,29.828086,10.5,"07/04/2022"
"300373",-95.499219,29.695729,8.6,"07/04/2022"
"300676",-95.031232,29.770698,8.8,"07/04/2022"
"300997",-95.635833,29.723333,8.2,"07/04/2022"
"301302",-95.220582,29.767997,8.3,"07/04/2022"
"301806",-95.257593,29.733726,9.9,"07/04/2022"
"302106",-95.128508,29.670025,9.2,"07/04/2022"
"302489",-95.015544,29.583047,8.4,"07/04/2022"
"302809",-95.38769,29.81453,10.1,"07/04/2022"
"303087",-94.167468,32.669001,11.2,"07/04/2022"
"303569",-98.152066,26.288622,11.1,"07/04/2022"
"303893",-93.909018,29.922894,9.2,"07/04/2022"
"304148",-93.909018,29.922894,8.7,"07/04/2022"
"304586",-96.317687,32.564968,6.3,"07/04/2022"
"305018",-97.298692,27.426981,13.8,"07/04/2022"
"305328",-101.78698,33.58553,7.7,"07/04/2022"
"305648",-97.070704,31.653086,8.3,"07/04/2022"
"305970",-100.451156,28.704607,8.4,"07/04/2022"
"306289",-95.425128,30.350302,9.4,"07/04/2022"
"306501",-96.399141,32.031934,6.3,"07/04/2022"
"306929",-97.431553,27.804489,9.4,"07/04/2022"
"307235",-97.431553,27.804489,9.9,"07/04/2022"
"307408",-97.465703,27.811817,8.5,"07/04/2022"
"307865",-93.866944,30.194167,6,"07/04/2022"
"308179",-101.909275,35.201592,8,"07/04/2022"
"308504",-97.356529,32.80581,13.5,"07/04/2022"
"308814",-97.342332,32.759154,10.4,"07/04/2022"
"309141",-97.337917,32.664753,8.1,"07/04/2022"
"309449",-97.337917,32.664753,9.2,"07/04/2022"
"309667",-97.761803,30.354944,8.1,"07/04/2022"
"309993",-97.712891,30.263204,9.1,"07/04/2022"
"310311",-97.69166,30.35386,9,"07/04/2022"
"310640",-99.533333,27.599444,10.9,"07/04/2022"
"310964",-111.852199,41.842649,7.5,"07/04/2022"
"311267",-111.852199,41.842649,8.1,"07/04/2022"
"311571",-111.852199,41.842649,9.1,"07/04/2022"
"311890",-111.852199,41.842649,10.1,"07/04/2022"
"312144",-110.800748692387,39.6099601287655,7.6,"07/04/2022"
"312414",-111.884467,40.902967,5.4,"07/04/2022"
"312717",-111.884467,40.902967,6.1,"07/04/2022"
"313038",-110.009732293952,40.2941780318187,7,"07/04/2022"
"313336",-110.009732293952,40.2941780318187,6.6,"07/04/2022"
"313653",-110.009732293952,40.2941780318187,5.9,"07/04/2022"
"313943",-113.055525,37.74743,6.3,"07/04/2022"
"314265",-111.894167,40.598056,13.4,"07/04/2022"
"314561",-111.894167,40.598056,8.4,"07/04/2022"
"314885",-111.872222,40.736389,8,"07/04/2022"
"315185",-111.872222,40.736389,6.5,"07/04/2022"
"315492",-111.872222,40.736389,6.7,"07/04/2022"
"315753",-111.931,40.78422,6.6,"07/04/2022"
"316052",-111.931,40.78422,10.5,"07/04/2022"
"316324",-111.931,40.78422,4.8,"07/04/2022"
"316649",-112.036298,40.496392,4.2,"07/04/2022"
"316915",-112.036298,40.496392,4.4,"07/04/2022"
"317239",-112.00876,40.709762,13.3,"07/04/2022"
"317508",-112.00876,40.709762,13.3,"07/04/2022"
"317782",-111.945849,40.777145,12.2,"07/04/2022"
"318080",-111.945849,40.777145,10.7,"07/04/2022"
"318406",-112.087717,40.807897,6.8,"07/04/2022"
"318729",-111.9011881,40.662878,8.4,"07/04/2022"
"319058",-111.9011881,40.662878,13.7,"07/04/2022"
"319348",-112.353414322914,40.6005316001733,17.1,"07/04/2022"
"319647",-112.353414322914,40.6005316001733,5.1,"07/04/2022"
"319967",-109.561471504638,40.4647097224075,6.3,"07/04/2022"
"320268",-109.561471504638,40.4647097224075,5.5,"07/04/2022"
"320595",-111.713611,40.341389,9.9,"07/04/2022"
"320738",-111.713611,40.341389,8.5,"07/04/2022"
"320942",-111.713611,40.341389,6.8,"07/04/2022"
"321261",-111.657936,40.136378,10.3,"07/04/2022"
"321561",-111.657936,40.136378,8.4,"07/04/2022"
"321890",-113.305096,37.179125,4.5,"07/04/2022"
"322210",-111.98787086473,41.3036139529338,8.1,"07/04/2022"
"322500",-111.98787086473,41.3036139529338,6.7,"07/04/2022"
"322949",-73.24984,42.8875900009408,7.4,"07/04/2022"
"323335",-72.86884,44.5283900009431,4.4,"07/04/2022"
"323708",-73.2106,44.4762000009431,5.6,"07/04/2022"
"324062",-72.982778,43.6080560009422,7,"07/04/2022"
"324265",-78.50397,38.0765700009162,8.8,"07/04/2022"
"324471",-78.50397,38.0765700009162,10.4,"07/04/2022"
"324675",-77.05922,38.857700000922,13.5,"07/04/2022"
"324733",-77.05922,38.857700000922,13.3,"07/04/2022"
"324806",-77.25925,37.3443800009102,12.9,"07/04/2022"
"324897",-77.59355,37.3574800009103,12,"07/04/2022"
"324987",-77.10468,38.7733500009214,20,"07/04/2022"
"325196",-77.10468,38.7733500009214,15.2,"07/04/2022"
"325687",-78.08157,39.2810200009248,8.7,"07/04/2022"
"325740",-78.08157,39.2810200009248,8.4,"07/04/2022"
"325934",-78.08157,39.2810200009248,9.7,"07/04/2022"
"326131",-77.40027,37.556520000912,13.5,"07/04/2022"
"326193",-77.40027,37.556520000912,13.2,"07/04/2022"
"326375",-77.40027,37.556520000912,14.9,"07/04/2022"
"326580",-77.5664,37.6713200009129,13.2,"07/04/2022"
"326669",-77.48925,39.0247300009231,36.8,"07/04/2022"
"326870",-78.43471,38.5231,5.7,"07/04/2022"
"327181",-79.88452,37.2834200009096,14.9,"07/04/2022"
"327385",-78.81952,38.4775300009192,9.2,"07/04/2022"
"327467",-82.1641,36.6080000009035,9.8,"07/04/2022"
"327548",-76.3870167,37.103733000908,12.1,"07/04/2022"
"327737",-76.3870167,37.103733000908,13,"07/04/2022"
"327939",-79.2150111,37.3327055009101,11.1,"07/04/2022"
"328022",-76.30135,36.8555500009058,11.1,"07/04/2022"
"328110",-77.46925,37.59088,13.1,"07/04/2022"
"328485",-80.0810167,37.2978830009098,10.2,"07/04/2022"
"328572",-76.181233,36.8418830009057,11.2,"07/04/2022"
"328718",-80.5966352305208,40.3410227904978,11.5,"07/04/2022"
"328809",-80.611812762,40.394650973,15.3,"07/04/2022"
"328853",-80.611812762,40.394650973,15.6,"07/04/2022"
"328992",-80.5923178147893,40.4273718231455,12.2,"07/04/2022"
"329302",-81.621161,38.346258,11.8,"07/04/2022"
"329582",-80.7338580229214,39.9159609716958,13.7,"07/04/2022"
"329795",-80.7338580229214,39.9159609716958,15.1,"07/04/2022"
"330048",-80.7009723435715,40.1148755622005,13.5,"07/04/2022"
"330320",-118.3819,47.12,3,"07/04/2022"
"330642",-117.060445,46.425416,6,"07/04/2022"
"330935",-117.060445,46.425416,6.4,"07/04/2022"
"331145",-119.204153,46.21835,3.9,"07/04/2022"
"331463",-120.023076,47.83861,2.5,"07/04/2022"
"331783",-120.664702,47.598863,1.9,"07/04/2022"
"332112",-120.34195,47.43061,3.8,"07/04/2022"
"332440",-124.62491,48.29786,0.9,"07/04/2022"
"332759",-124.610045,48.3660580009365,3.7,"07/04/2022"
"333088",-123.436434,48.115,6.6,"07/04/2022"
"333414",-122.410889,45.8639,12.7,"07/04/2022"
"333733",-122.58737,45.64336,18.7,"07/04/2022"
"334060",-117.985,46.318,3.4,"07/04/2022"
"334387",-122.961944,46.139444,6,"07/04/2022"
"334705",-119.0021,46.5754,2.1,"07/04/2022"
"335034",-117.614764,46.4744380009419,2.8,"07/04/2022"
"335359",-119.2737,47.1303,2.9,"07/04/2022"
"335688",-119.847824,47.2411530009402,5.4,"07/04/2022"
"335904",-124.2879,47.3442,3.1,"07/04/2022"
"336163",-123.83173,46.97228,17.6,"07/04/2022"
"336492",-122.77897,48.12919,5.5,"07/04/2022"
"336668",-122.064722,47.5525,1.9,"07/04/2022"
"336933",-121.77278,47.49022,7.2,"07/04/2022"
"337368",-122.2806,47.755,6.2,"07/04/2022"
"337697",-122.319722,47.597222,7,"07/04/2022"
"338015",-122.148397,47.6008630009392,5.1,"07/04/2022"
"338344",-122.2233,47.2814,14.2,"07/04/2022"
"338691",-122.338265,47.55975,7.5,"07/04/2022"
"339018",-122.338265,47.55975,5,"07/04/2022"
"339344",-122.278385,47.4985350009395,13.8,"07/04/2022"
"339667",-122.278385,47.4985350009395,16.4,"07/04/2022"
"340332",-122.3208,47.53091,9.4,"07/04/2022"
"340660",-122.230278,47.386111,8.9,"07/04/2022"
"340982",-122.230278,47.386111,9.2,"07/04/2022"
"341304",-122.627397,47.592675,11.4,"07/04/2022"
"341631",-120.545,46.99364,2.4,"07/04/2022"
"341946",-120.545,46.99364,1.3,"07/04/2022"
"342275",-122.96732,46.66409,7.1,"07/04/2022"
"342604",-123.10081,47.21355,7,"07/04/2022"
"342928",-120.19057,48.47724,4.5,"07/04/2022"
"343257",-119.51896,48.39999,7.2,"07/04/2022"
"343566",-120.105116,48.354124,3.8,"07/04/2022"
"343882",-117.053102,48.181952,3.8,"07/04/2022"
"344164",-122.46256,47.22634,9.4,"07/04/2022"
"344492",-122.46256,47.22634,9.5,"07/04/2022"
"344701",-122.4517,47.1864,10.3,"07/04/2022"
"345025",-122.4517,47.1864,10.6,"07/04/2022"
"345341",-122.3858,47.2656,6.1,"07/04/2022"
"345581",-122.3858,47.2656,8.3,"07/04/2022"
"345865",-122.61428,48.52059,4.8,"07/04/2022"
"346194",-122.3376,48.4102,9.7,"07/04/2022"
"346519",-121.6031,48.2469,12.7,"07/04/2022"
"346846",-121.6031,48.2469,20,"07/04/2022"
"347166",-122.285194,48.065339,2.3,"07/04/2022"
"347493",-122.171529,48.054315,10.7,"07/04/2022"
"347818",-122.171529,48.054315,8.5,"07/04/2022"
"348132",-117.257654,47.663962,4.7,"07/04/2022"
"348456",-117.364852,47.672482,5.8,"07/04/2022"
"348785",-117.42635,47.69978,3.9,"07/04/2022"
"349099",-117.98865,47.88528,2.4,"07/04/2022"
"349427",-117.903425,48.544448,4.7,"07/04/2022"
"349756",-117.903425,48.544448,4.3,"07/04/2022"
"350075",-122.821548,47.029396,7.7,"07/04/2022"
"350384",-118.35147,46.05881,8.2,"07/04/2022"
"350688",-122.456463,48.7600360009349,7.4,"07/04/2022"
"351017",-117.18014,46.72447,5.7,"07/04/2022"
"351337",-117.8739,46.8153,3.4,"07/04/2022"
"351666",-117.36856,47.23136,4.2,"07/04/2022"
"351995",-119.999677425,46.319320471,10.2,"07/04/2022"
"352348",-120.499167,46.598056,4.1,"07/04/2022"
"352667",-120.33266,46.38024,7,"07/04/2022"
"352991",-90.65615,46.60234,5.9,"07/04/2022"
"353320",-87.99344,44.50729,15.1,"07/04/2022"
"353676",-89.35768,43.10101,11.1,"07/04/2022"
"354005",-89.4358,43.0733,12.7,"07/04/2022"
"354391",-88.62111,43.46611,11.2,"07/04/2022"
"354719",-91.41445,44.76249,8.1,"07/04/2022"
"355041",-88.80859,45.56498,7.7,"07/04/2022"
"355367",-90.69813,42.69302,9.5,"07/04/2022"
"355867",-87.8093,42.50472,11.8,"07/04/2022"
"356196",-91.2269,43.7775,8.4,"07/04/2022"
"356581",-87.93369,43.01724,19.5,"07/04/2022"
"356910",-87.93434,42.93257,11.9,"07/04/2022"
"357417",-88.39509,44.30738,12.5,"07/04/2022"
"357746",-88.39509,44.30738,13.5,"07/04/2022"
"358019",-87.8102,43.4983,10.4,"07/04/2022"
"358348",-89.67979,43.4351,8.9,"07/04/2022"
"358673",-90.5972,45.2066,6.4,"07/04/2022"
"358996",-89.654,46.0519000009426,7.1,"07/04/2022"
"359351",-88.2150699551098,43.0200753785299,14.1,"07/04/2022"
"359680",-105.61489,41.32417,3.5,"07/04/2022"
"359985",-105.54913,41.308825,2.4,"07/04/2022"
"360327",-105.51702183267,44.2880049189629,8.8,"07/04/2022"
"360958",-108.720003,42.5299990009399,0.6,"07/04/2022"
"361454",-108.736281332747,42.8421683785244,35.4,"07/04/2022"
"361816",-104.778334205813,41.1822271062504,5.8,"07/04/2022"
"362156",-110.53788,41.783083,5.6,"07/04/2022"
"362478",-106.36501,42.82231,5.2,"07/04/2022"
"362792",-109.069259753515,44.5245684728303,12.6,"07/04/2022"
"363079",-106.955933,44.8151420009432,22.2,"07/04/2022"
"363383",-109.87076,42.8698240009408,4.1,"07/04/2022"
"363710",-109.220852333074,41.5925362836364,6.6,"07/04/2022"
"364036",-110.79799,43.457760000942,4.3,"07/04/2022"
"364330",-110.830833,44.373056,5.2,"07/04/2022"
